

-- instrument_category
INSERT INTO `instrument_category` (`asset_group_code`, `instrument_group_code`, `payoff_pattern_code`, `name`)
VALUES ('CR', 'NTS', 'CFI', 'Credit Fixed Notes')
,('CR', 'NTS', 'CFR', 'Credit Floater Notes')
,('CR', 'NTS', 'GNR', 'General Notes')
,('CR', 'OPT', 'GNR', 'General Options')
,('CR', 'SWP', 'BTR', 'Credit Swap Bond Total Return')
,('CR', 'SWP', 'CDS', 'Credit Swap Default')
,('CR', 'SWP', 'CDX', 'Credit Index Swap')
,('CR', 'SWP', 'CLS', 'Credit Linked Swaps')
,('CR', 'SWP', 'CTR', 'Credit Swap Currency Bond Total Return')
,('CR', 'SWP', 'GNR', 'General Swaps')
,('EQ', 'NTS', 'BSK', 'Equity Basket Notes')
,('EQ', 'NTS', 'CPN', 'Equity Coupon Notes')
,('EQ', 'NTS', 'DIS', 'Equity Dispersion Notes')
,('EQ', 'NTS', 'GNR', 'General Notes')
,('EQ', 'NTS', 'OCB', 'Equity Options Combination Notes')
,('EQ', 'NTS', 'PLN', 'Equity Plain Notes')
,('EQ', 'NTS', 'SRS', 'Equity Star with Fixing Period')
,('EQ', 'NTS', 'STR', 'Equity Star Notes')
,('EQ', 'OPT', 'ACB', 'Equity Accrual Binary Options')
,('EQ', 'OPT', 'ACC', 'Equity Accrual Options')
,('EQ', 'OPT', 'ASN', 'Equity Asian Options')
,('EQ', 'OPT', 'BAR', 'Equity Barrier Option')
,('EQ', 'OPT', 'BIN', 'Equity Binary Options')
,('EQ', 'OPT', 'FWD', 'Equity Forward Start Options')
,('EQ', 'OPT', 'GNR', 'General Options')
,('EQ', 'OPT', 'LAD', 'Equity Ladder Options')
,('EQ', 'OPT', 'LBK', 'Equity Lookback Options')
,('EQ', 'OPT', 'RAT', 'Equity Ratchet Options')
,('EQ', 'OPT', 'RBW', 'Equity Rainbow Options')
,('EQ', 'OPT', 'STD', 'Equity Standard Options')
,('EQ', 'OPT', 'TCH', 'Equity Touch Options')
,('EQ', 'OPT', 'WNT', 'Equity Warrants')
,('EQ', 'SWP', 'CPN', 'Equity Coupon Swaps')
,('EQ', 'SWP', 'DIS', 'Equity Dispersion Swaps')
,('EQ', 'SWP', 'GNR', 'General Swaps')
,('EQ', 'SWP', 'OCB', 'Equity Options Combination Swaps')
,('EQ', 'SWP', 'SRS', 'Equity Star with Fixing Period Swaps')
,('EQ', 'SWP', 'STR', 'Equity Star Swaps')
,('EQ', 'SWP', 'TRT', 'Equity Total Return Swaps')
,('FI', 'FWD', 'BFD', 'Bond Forward')
,('FI', 'NTS', 'CMP', 'Compounding Coupon')
,('FI', 'NTS', 'CSC', 'Compounding&Simple Coupon')
,('FI', 'NTS', 'FCG', 'Fixed Coupon with Compounding Grace Co')
,('FI', 'NTS', 'FIX', 'Fixed Coupon')
,('FI', 'NTS', 'FSG', 'Fixed Coupon with Simple Grace Coupon')
,('FI', 'NTS', 'GNR', 'General Notes')
,('FI', 'NTS', 'ILC', 'Inflation Linked Fixed Coupon')
,('FI', 'NTS', 'PPF', 'Perpetual Fixed Coupon')
,('FI', 'NTS', 'SCC', 'Simple&Compounding Coupon')
,('FI', 'NTS', 'SIM', 'Simple Coupon')
,('FI', 'NTS', 'ZER', 'Zero Coupon')
,('FI', 'OPT', 'GNR', 'General Options')
,('FI', 'SWP', 'GNR', 'General Swaps')
,('FX', 'FWD', 'ACC', 'FX Accrual Forwards')
,('FX', 'FWD', 'ASN', 'FX Asian Forwards')
,('FX', 'FWD', 'BAR', 'FX Barrier Forwards')
,('FX', 'FWD', 'CSH', 'FX Cash Forwards')
,('FX', 'FWD', 'FWD', 'FX Forward Star Forwards')
,('FX', 'FWD', 'RAT', 'FX Ratchet Forwards')
,('FX', 'FWD', 'STD', 'FX Standard Forwards')
,('FX', 'NTS', 'GNR', 'General Notes')
,('FX', 'OPT', 'ACB', 'FX Accrual Binary Options')
,('FX', 'OPT', 'ACC', 'FX Accrual Options')
,('FX', 'OPT', 'ASN', 'FX Asian Options')
,('FX', 'OPT', 'BAR', 'FX Barrier Options')
,('FX', 'OPT', 'BIN', 'FX Binary Options')
,('FX', 'OPT', 'FWD', 'FX Forward Start Options')
,('FX', 'OPT', 'GNR', 'General Options')
,('FX', 'OPT', 'LAD', 'FX Ladder Options')
,('FX', 'OPT', 'RAT', 'FX Ratchet Options')
,('FX', 'OPT', 'STD', 'FX Standard Options')
,('FX', 'OPT', 'TCH', 'FX Touch Options')
,('FX', 'SPT', 'CSH', 'FX Cash Spot')
,('FX', 'SWP', 'GNR', 'General Swaps')
,('HB', 'NTS', 'ACP', 'Hybrid Asset Coupon Notes')
,('HB', 'NTS', 'GNR', 'General Notes')
,('HB', 'NTS', 'HAC', 'Hybrid Accrual')
,('HB', 'NTS', 'HCB', 'Hybrid Combination')
,('HB', 'NTS', 'HFL', 'Hybrid Floater')
,('HB', 'NTS', 'HOC', 'Hybrid Options Combination')
,('HB', 'NTS', 'HSR', 'Hybrid Star Notes')
,('HB', 'NTS', 'HST', 'Hybrid IrStar Notes')
,('HB', 'OPT', 'GNR', 'General Options')
,('HB', 'SWP', 'ACP', 'Hybrid Asset Coupon Swaps')
,('HB', 'SWP', 'GNR', 'General Swaps')
,('HB', 'SWP', 'HAC', 'Hybrid Accrual')
,('HB', 'SWP', 'HCB', 'Hybrid Combination')
,('HB', 'SWP', 'HFL', 'Hybrid Floater')
,('HB', 'SWP', 'HOC', 'Hybrid Options Combination Swaps')
,('HB', 'SWP', 'HSR', 'Hybrid Star Notes')
,('HB', 'SWP', 'HST', 'Hybrid IrStar Notes')
,('HB', 'SWP', 'HTR', 'Hybrid Total Return Swaps')
,('IR', 'CFL', 'ASN', 'Asian Cap/Floors')
,('IR', 'CFL', 'BAR', 'Barrier Cap/Floors')
,('IR', 'CFL', 'DIG', 'Digital Cap/Floors')
,('IR', 'CFL', 'RNG', 'Range Cap/Floors')
,('IR', 'CFL', 'STD', 'Standard Cap/Floors')
,('IR', 'CFL', 'STG', 'Standard Strategy Cap/Floors')
,('IR', 'FWD', 'FRA', 'Forward Rate Agreement')
,('IR', 'NTS', 'ACC', 'IR Accrual')
,('IR', 'NTS', 'ACF', 'IR Accrual Floater')
,('IR', 'NTS', 'CMB', 'IR Combination Notes')
,('IR', 'NTS', 'CUA', 'IR Custom Accrual')
,('IR', 'NTS', 'CUF', 'IR Custom Floater')
,('IR', 'NTS', 'FLR', 'IR Floater')
,('IR', 'NTS', 'GNR', 'General Notes')
,('IR', 'NTS', 'RFR', 'IR RFR Floater')
,('IR', 'NTS', 'VNL', 'IR Vanilla Floater')
,('IR', 'NTS', 'VOL', 'IR Volatility')
,('IR', 'OPT', 'GNR', 'General Options')
,('IR', 'SWN', 'VNA', 'Vanilla Swaptions')
,('IR', 'SWP', 'CBS', 'Currency Basis Swaps')
,('IR', 'SWP', 'CFS', 'Currency Fixed Swaps')
,('IR', 'SWP', 'COS', 'Currency Overnight Index Swaps')
,('IR', 'SWP', 'CRS', 'Currency Swaps')
,('IR', 'SWP', 'CSS', 'Currency Structured Swaps')
,('IR', 'SWP', 'CVS', 'Currency Vanilla Swaps')
,('IR', 'SWP', 'GNR', 'General Swaps')
,('IR', 'SWP', 'IBS', 'Basis Swaps')
,('IR', 'SWP', 'IOS', 'Overnight Index Swaps')
,('IR', 'SWP', 'IRS', 'IR Swaps')
,('IR', 'SWP', 'ISS', 'Structured Swaps')
,('IR', 'SWP', 'IVS', 'Vanilla Swaps')
;


-- asset_group
INSERT INTO `asset_group` (`asset_group_code`, `asset_group_name`)
VALUES
 ('EQ', 'Equity')
,('FI', 'Fixed Income')
,('IR', 'Interest Rate')
,('FX', 'Foreign Exchange')
,('CR', 'Credit')
,('HB', 'Hybrid')
,('CM', 'Commodity')
,('RC', 'Rate Curve')
,('BD', 'Bond')
;

-- instrument_group
INSERT INTO `instrument_group` (`instrument_group_code`, `instrument_group_name`)
VALUES
 ('FWD', 'Forwards')
,('OPT', 'Options')
,('NTS', 'Notes')
,('SWP', 'Swaps')
,('CFL', 'CapFloors')
,('SWN', 'Swaptions')
,('SPT', 'Spot')
;


-- payoff_pattern
INSERT INTO `payoff_pattern` (`payoff_pattern_code`, `payoff_pattern_name`)
VALUES
('STD', 'Standard')
,('BAR', 'Barrier')
,('FWD', 'Forward Start')
,('LAD', 'Ladder')
,('RAT', 'Ratchet')
,('BIN', 'Binary')
,('TCH', 'Touch')
,('ASN', 'Asian')
,('LBK', 'Lookback')
,('ACC', 'Accrual')
,('ACB', 'Accrual Binary')
,('RBW', 'Rainbow Options')
,('CMB', 'Combination')
,('OCB', 'Options Combination')
,('WNT', 'Warrants')
,('BSK', 'Basket')
,('STR', 'Star')
,('SRS', 'Periodic Star')
,('ZER', 'Zero Coupon')
,('SIM', 'Simple Coupon')
,('CMP', 'Compounding Coupon')
,('SCC', 'Simple&Compounding Coupon')
,('CSC', 'Compounding&Simple Coupon')
,('FIX', 'Fixed Coupon')
,('FSG', 'Fixed Coupon with Simple Grace Coupon')
,('FCG', 'Fixed Coupon with Compounding Grace Coupon')
,('DIG', 'Digital')
,('RNG', 'Range')
,('FLR', 'Floater')
,('CUF', 'Custom Floater')
,('ACF', 'Accrual Floater')
,('VOL', 'Volatility')
,('IVS', 'Vanilla Swap')
,('IBS', 'Basis Swap')
,('ISS', 'Structured Swap')
,('IRS', 'IR Swap')
,('CFS', 'Currency Fixed Swap')
,('CVS', 'Currency Vanilla Swap')
,('CBS', 'Currency Basis Swap')
,('CSS', 'Currency Structured Swap')
,('CRS', 'Currency Swap')
,('FRA', 'Forward Rate Agreement')
,('CUA', 'Custom Accrual')
,('VNL', 'Vanilla Floater')
,('VNA', 'Vanilla')
,('CFI', 'Credit Fixed')
,('CFR', 'Credit Floater')
,('CDS', 'Credit Default Swap')
,('HAC', 'Hybrid Accrual')
,('HCB', 'Hybrid Combination')
,('HFL', 'Hybrid Floater')
,('HSR', 'Hybrid Star')
,('HST', 'Hybrid IrStar')
,('HOC', 'Hybrid Options Combination')
,('STG', 'Standard Strategy')
,('CLS', 'Credit Linked Swap')
,('DIS', 'Dispersion')
,('CSH', 'Cash')
,('GNR', 'General')
,('CPN', 'Coupon')
,('ACP', 'Hybrid Asset Coupon')
,('PLN', 'Plain')
,('TRT', 'Total Return')
,('RFR', 'RFR Floater')
,('CTR', 'Currency Bond Total Return')
,('PPF', 'Perpetual Fixed Coupon')
,('CDX', 'Credit Index')
,('ILC', 'Inflation Linked Fixed Coupon')
,('HTR', 'Hybrid Total Return')
,('IOS', 'Overnight Index Swap')
,('COS', 'Currency Overnight Index Swap')
,('BTR', 'Bond Total Return')
,('BFD', 'Bond Forward')
;